epoch,learning_rate,loss,mae,val_loss,val_mae
0,0.000956209609284997,20.475650787353516,1.1349866390228271,17.236000061035156,1.011315107345581
1,0.0009139514295384288,17.012653350830078,0.9542813897132874,16.70345115661621,0.7930922508239746
2,0.0008735608425922692,16.5441837310791,0.8891124129295349,16.681554794311523,0.7950692176818848
3,0.0008349551935680211,16.687725067138672,0.8773731589317322,16.47015380859375,0.7267376184463501
4,0.0007980556692928076,16.43705177307129,0.8745954036712646,16.55824851989746,0.7620419859886169
5,0.0007627868908457458,16.582719802856445,0.8754681348800659,16.518272399902344,0.7191317081451416
6,0.0007290767971426249,16.138700485229492,0.8740769028663635,16.505037307739258,0.7099732756614685
7,0.0006968564121052623,16.259510040283203,0.8745213150978088,16.61615753173828,0.7726191282272339
